pl_name,hostname,habitability_score,rank
KOI-55 b,KOI-55,0.4724415005579699,1
KOI-55 c,KOI-55,0.42784119973293144,2
Kepler-230 b,Kepler-230,0.28936401720147437,3
UCAC4 328-061594 b,UCAC4 328-061594,0.24896515669499744,4
Kepler-29 b,Kepler-29,0.2098105719924831,5
NN Ser c,NN Ser,0.18546249482095442,6
NN Ser d,NN Ser,0.18544154744768238,7
GJ 900 b,GJ 900 A,0.17528092910496582,8
NY Vir b,NY Vir,0.16514358687719544,9
NY Vir c,NY Vir,0.16514358687719544,10
